Date,CSI500,Shanghai ,CSI300,HSI,STI,TWSE,MSCI World,S&P500,N225,LSE,ASX,Custom
2016-01-01,-2.555,-2.4458,-2.7929,-1.0106,0.1776,-0.3016,-0.63,-0.8273,1.41,0.27,3.6621,0
2016-01-08,-14.9912,-9.9676,-9.9019,-6.6654,-4.5616,-5.3261,-6.09,-5.9645,-7.0178,-9.21,-6.9242,-7.670977011
2016-01-15,-10.2704,-8.9581,-7.2238,-4.5612,-4.3788,-1.6717,-2.59,-2.1696,-3.1125,-6.7,-2.5051,-2.11673128
2016-01-22,1.5886,0.5375,-0.1689,-2.2553,-2.0401,-0.0751,1.04,1.413,-1.0998,2.48,2.9068,0.090651825
2016-01-29,-8.5043,-6.1361,-5.3758,3.1582,2.0186,4.1827,1.65,1.7484,3.3008,0.36,6.8096,1.392069211
2016-02-05,3.6757,0.9458,0.6008,-2.0065,-0.2244,-0.2178,-2.45,-3.1022,-3.9885,-4.59,-5.3129,-2.27473113
2016-02-12,0,0,0,-5.0217,-3.174,0,-2.46,-0.8122,-11.1,-1.35,0.5486,-24.18956712
2016-02-19,6.3644,3.493,2.9623,5.2726,4.6032,3.2499,3.48,2.8422,6.7852,0.48,3.5466,32.1465336
2016-02-26,-5.7749,-3.2451,-3.3935,0.4078,-0.2819,1.0345,1.06,1.5784,1.3856,17.21,0.3832,-0.396945741
2016-03-04,-0.2895,3.8644,4.9477,4.1962,7.0817,2.7629,3.45,2.6663,5.1047,3.88,1.6702,4.91595414
2016-03-11,-1.5551,-2.2212,-2.4437,0.1135,-0.2869,0.7241,1.13,1.11,-0.4461,1.69,-0.4459,1.07466486
2016-03-18,8.4372,5.154,5.0916,2.3368,2.7552,1.2011,1.19,1.3545,-1.2637,1.45,-2.6403,1.927598242
2016-03-25,1.3681,0.8218,0.8151,-1.5771,-2.0438,-1.2001,-1.33,-0.6655,1.6618,-4.35,-0.2421,-0.23834955
2016-04-01,1.6027,1.0101,0.7529,0.7535,-1.015,-0.5447,1.01,1.8095,-4.9321,0.37,-0.801,-0.690668866
2016-04-08,0.4965,-0.8165,-1.1226,-0.627,-0.3608,-1.3404,-0.48,-1.2148,-2.1198,-0.65,1.517,-1.104189451
2016-04-15,3.4669,3.1209,2.7146,4.6443,4.1171,1.8602,2.34,1.618,6.4881,-0.59,4.7722,3.711042956
2016-04-22,-5.9161,-3.862,-2.9737,0.7064,0.564,-1.8923,0.94,0.5215,4.3,-1.37,1.4493,0.586974994
2016-04-29,-0.2872,-0.7068,-0.5719,-1.8633,-3.4658,-1.8493,-0.91,-1.2565,-5.1583,1.23,-0.839,-3.235873368
2016-05-06,-0.7415,-0.8534,-0.836,-4.5435,-3.7949,-2.7629,-1.65,-0.3951,-3.3561,-5.51,2.6984,-1.126140956
2016-05-13,-4.3918,-2.9568,-1.7704,-1.9422,0.1505,-1.1384,-0.44,-0.5119,1.8967,-0.89,-1.7813,-0.920535794
2016-05-20,0.1066,-0.0575,0.1068,0.674,1.0571,0.9632,0.24,0.279,1.975,1.47,-0.136,1.751815393
2016-05-27,-0.1098,-0.157,-0.5107,3.6498,1.3999,4.0873,2.21,2.2774,0.5885,5.72,0.9081,3.314579962
2016-06-03,4.7247,4.1699,4.1413,1.8004,0.2398,1.4621,0.15,0.0033,-1.1441,-2.99,3.0821,-0.030602589
2016-06-10,0.1124,-0.3921,-0.7945,0.4554,0.4891,1.492,-0.8,-0.1458,-0.2456,-5.39,-2.1825,0.754223449
2016-06-17,-1.1777,-1.4367,-1.695,-4.1471,-2.1095,-1.6912,-1.77,-1.1856,-6.0338,-3.58,-1.1602,-2.205015782
2016-06-24,-1.3698,-1.0682,-1.0675,0.442,-1.0143,-1.0631,-1.65,-1.6324,-4.1516,-2.98,-0.3386,-1.124693137
2016-07-01,2.9784,2.7394,2.5038,2.642,4.0572,3.0819,3.2,3.2168,4.8854,-2.16,4.5753,3.40978748
2016-07-08,2.6477,1.8966,1.2073,-1.107,0.0235,-1.1138,0.12,1.2815,-3.6697,-0.46,2.2742,-1.262506414
2016-07-15,2.3331,2.2155,2.6313,5.3252,2.7506,3.5753,2.3,1.4949,9.2068,5.12,3.4096,5.221021719
2016-07-22,-0.5486,-1.3581,-1.5602,1.4083,0.6837,0.7072,0.38,0.6148,0.7843,2.54,0.1434,1.040667171
2016-07-29,-2.6641,-1.1111,-0.6583,-0.3319,-2.6027,-0.3188,0.87,-0.0657,-0.3487,2.24,1.636,0.071806043
2016-08-05,0.1002,-0.0887,0.0368,1.1636,-1.4125,1.1989,-0.3,0.4265,-1.9,-1.05,-1.5292,0.631688574
2016-08-12,1.5919,2.485,2.7807,2.8033,1.3871,0.6409,1.13,0.0541,4.0941,2.3,2.9015,3.905945791
2016-08-19,3.2053,1.8827,2.1488,0.7481,-0.8154,-1.269,-0.24,-0.0082,-2.211,1.66,1.39,1.0371157
2016-08-26,-1.6871,-1.216,-1.7215,-0.1207,0.4793,1.0787,-0.33,-0.6791,-1.1188,-3.31,0.5092,-0.740942274
2016-09-02,-1.0847,-0.0963,0.2124,1.559,-1.8802,-1.5788,0.49,0.5044,3.4532,0.68,-0.5651,1.330162966
2016-09-09,1.8033,0.375,0.1186,3.5802,2.4755,1.9731,-1.54,-2.3931,0.2368,-2.65,-5.7613,1.486661158
2016-09-16,-2.8578,-2.4687,-2.3904,-3.1706,-1.5968,-2.8651,-0.68,0.5334,-2.6316,-0.71,0.7486,-1.169063042
2016-09-23,1.4943,1.0339,1.1405,1.5037,1.0433,4.2946,1.97,1.1935,1.4209,3.25,-0.0413,3.791619261
2016-09-30,-0.6683,-0.9622,-0.6833,-1.6437,0.4382,-1.2684,-0.23,0.1654,-1.8156,-1,-0.5575,-1.586188662
2016-10-07,0,0,0,2.3808,0.2011,1.0795,-0.77,-0.6701,2.4939,-4.19,-0.4983,2.361507543
2016-10-14,1.3962,1.9671,1.6157,-2.5931,-2.0868,-1.0861,-1.09,-0.9639,-0.0221,-0.48,-0.7304,-2.395285039
2016-10-21,-0.4086,0.8856,0.6622,0.6073,0.5619,1.5428,0.44,0.3835,1.9472,1.17,-0.021,1.148223284
2016-10-28,-0.6103,0.4312,0.3722,-1.7951,-0.5228,0.0038,-0.6,-0.6889,1.5236,-1.58,-1.4087,-0.505780067
2016-11-04,0.3694,0.678,0.4206,-1.36,-0.9751,-2.5655,-1.82,-1.9389,-3.1012,-1.77,-2.1966,-3.087442118
2016-11-11,1.1053,2.263,1.8796,-0.4926,0.9251,-1.2173,2.22,3.8016,2.7768,4.19,3.3362,-0.215684044
2016-11-18,-0.8465,-0.0997,0.0069,-0.8294,0.8545,0.5697,0.02,0.8062,3.4108,0.55,0.1266,0.290015636
2016-11-25,0.4106,2.1636,3.0386,1.6973,0.7285,1.6681,1.38,1.4414,2.3031,-0.66,0.8641,1.319197043
2016-12-02,-1.533,-0.5547,0.2174,-0.6981,2.0998,0.3321,-0.69,-0.9669,0.2441,-3.66,1.5671,-0.546439597
2016-12-09,-0.342,-0.3379,-0.999,0.8693,1.2592,2.2111,2.99,3.0831,3.095,2.67,-0.432,2.587353293
2016-12-16,-3.6488,-3.3995,-4.2267,-3.2522,-0.618,-0.7016,-0.31,-0.0646,2.1308,0.31,0.124,-1.070118598
2016-12-23,-0.6258,-0.4107,-1.1486,-2.0253,-2.2741,-2.6605,0.25,0.2533,0.1367,-0.1,1.3413,-1.450550917
2016-12-30,-0.2924,-0.2095,0.075,1.9736,0.3382,1.9261,-0.45,-1.1026,-1.6126,2.84,1.2828,1.073113496
2017-01-06,1.9927,1.633,1.1355,2.2838,2.842,1.283,1.82,1.704,1.7786,-0.11,0.9851,2.619463154
2017-01-13,-2.1843,-1.3174,-0.8291,1.9303,2.1076,0.0705,0.29,-0.1028,-0.8587,-0.54,-0.9556,1.07083877
2017-01-20,-0.9551,0.3333,1.0535,-0.2244,-0.4625,-0.5051,-0.31,-0.1464,-0.7744,5.65,-1.5276,-0.575439758
2017-01-27,1.5705,1.1536,0.9858,2.0749,1.7857,1.2484,1.16,1.0294,1.7217,3.09,1.5513,3.366601293
2017-02-03,-0.1297,-0.6013,-0.6927,-0.9913,-0.7475,0.0805,0.12,0.119,-2.8211,2.69,0.7638,-1.212061826
2017-02-10,2.0175,1.8002,1.4562,1.9273,1.9215,2.2212,0.51,0.8131,2.4354,-3.97,1.5759,0.687384188
2017-02-17,-0.3562,0.1682,0.233,1.946,0.2342,0.9743,1.2,1.5138,-0.7447,1.29,1.6104,0.955491502
2017-02-24,2.6372,1.6039,1.5318,-0.2831,0.3018,-0.0952,0.23,0.6882,0.2543,0.27,-0.4252,0.334732248
2017-03-03,-0.7489,-1.0795,-1.3239,-1.7232,0.1704,-1.0488,0.44,0.6666,0.9626,-1.69,0.427,-0.224838252
2017-03-10,-0.3106,-0.1725,0.0008,0.0677,0.3526,-0.2106,-0.17,-0.4414,0.6957,-2.76,-0.8504,0.808106722
2017-03-17,0.7148,0.7684,0.5226,3.1451,1.1499,2.9165,0.93,0.2381,-0.4235,2.17,-1.3645,2.469510169
2017-03-24,1.1168,0.9884,1.271,0.1988,-0.8355,-0.0576,-0.93,-1.441,-1.327,-1.16,-1.8379,-0.05749917
2017-03-31,-2.1664,-1.4354,-0.9615,-1.0127,1.0248,-0.9236,0.43,0.7995,-1.834,5.79,1.6308,-0.72654175
2017-04-07,2.667,1.9892,1.7771,0.6458,0.068,0.6304,-0.44,-0.3039,-1.2937,0.64,-2.6149,0.380651586
2017-04-14,-0.5993,-1.2338,-0.8801,-0.0232,-0.2527,-1.4224,-0.71,-1.1288,-1.7627,0.87,0.6103,0.00568214
2017-04-21,-3.445,-2.2463,-0.5656,-0.9053,-0.928,-0.1595,0.53,0.8476,1.555,1.9,0.5661,0.917896241
2017-04-28,-1.5547,-0.5828,-0.7798,2.3838,1.1341,1.5909,1.97,1.5119,3.0933,6.43,1.9702,3.349186836
2017-05-05,-1.9844,-1.6363,-1.663,-0.5638,1.7097,0.283,0.98,0.6329,1.2969,0.46,1.459,0.602187735
2017-05-12,-3.7623,-0.6292,0.0836,2.7782,0.7914,0.8776,-0.2,-0.3497,2.2535,1.19,0.4664,2.827511681
2017-05-19,2.1019,0.2308,0.5456,0.0737,-1.1787,-0.3925,0.1,-0.3835,-1.4743,1.29,-0.677,0.002720302
2017-05-26,-1.7341,0.6286,2.25,1.8447,0.0777,1.5514,0.92,1.4313,0.4904,-3.74,1.0321,1.71185451
2017-06-02,-0.4849,-0.1453,0.1745,1.1107,0.6396,0.5007,1.2,0.9624,2.4912,3.35,0.4819,0.314188797
2017-06-09,3.7852,1.7021,2.5717,0.4098,0.4377,0.4641,-0.64,-0.2993,-0.8129,-1.93,-3.0884,2.677136631
2017-06-16,0.6085,-1.1156,-1.6053,-1.5513,-0.6991,-0.4208,0.02,0.0567,-0.3498,7.73,3.2067,-1.151137271
2017-06-23,-0.3898,1.1113,2.9591,0.17,-0.6799,2.1756,0.09,0.2117,0.9497,0.67,1.2466,2.94131096
2017-06-30,3.1753,1.0942,1.2121,0.3683,0.53,0.1674,-0.45,-0.6107,-0.4929,-0.49,1.5533,-1.118670088
2017-07-07,1.0668,0.7997,-0.2964,-1.6446,0.0784,-0.941,-0.17,0.073,-0.5208,1.32,-2.1265,-0.371187907
2017-07-14,-1.2089,0.1386,1.2901,4.1371,1.8092,1.4243,1.82,1.4057,0.9522,0.21,1.7343,4.196870368
2017-07-21,0.2546,0.483,0.6887,1.2007,0.8119,-0.069,0.55,0.5396,-0.095,2.02,-2.5478,1.029501281
2017-07-28,1.7215,0.4712,-0.1799,1.0234,0.5018,-0.1308,0.08,-0.0178,-0.6961,0.4,-0.4421,0.408139874
2017-08-04,0.5947,0.2717,-0.3845,2.162,-0.127,0.8012,0.38,0.1913,-0.0376,2.73,1.2937,-0.093782304
2017-08-11,-0.2858,-1.6413,-1.6245,-2.4641,-1.4069,-1.6846,-1.53,-1.4337,-1.1156,-2.57,-0.2859,-1.557500499
2017-08-18,2.8603,1.8757,2.12,0.6103,-0.8455,-0.0798,-0.38,-0.646,-1.3144,2.7,2.8102,3.417992895
2017-08-25,0.2022,1.9212,1.9083,2.9599,0.2331,1.8813,0.73,0.7215,-0.0914,0.91,1.971,1.368107452
2017-09-01,4.1636,1.0685,0.9164,0.377,0.5427,0.7542,1.09,1.3712,1.2279,-0.18,-0.1459,-0.130214687
2017-09-08,2.7918,-0.0557,-0.1188,-1.0185,-1.486,0.1428,-0.06,-0.6105,-2.1159,-0.43,-4.1819,-0.228909108
2017-09-15,-0.7263,-0.3454,0.1387,0.5028,-0.5885,-0.2784,1.18,1.5763,3.2928,1.86,-0.3812,2.945650869
2017-09-22,-1.5478,-0.0325,0.1679,0.2623,0.3331,-1.2356,0.35,0.0796,1.9435,-1.49,0.7461,1.55751526
2017-09-29,-0.6001,-0.107,-0.032,-1.1701,-0.0106,-1.1459,0.3,0.685,0.2948,0.42,-0.4368,-1.862198156
2017-10-06,0,0,0,3.2799,2.2168,1.9639,0.67,1.1896,1.6429,0.67,0.8583,-10.28716409
2017-10-13,2.0827,1.2416,2.2025,0.0646,0.8453,1.816,0.69,0.1506,2.2448,0.87,1.8343,16.53048363
2017-10-20,-1.7883,-0.3502,0.1492,0.038,0.6514,0.0447,0.37,0.8632,1.4297,-2.57,0.65,0.22430815
2017-10-27,0.3585,1.1296,2.4222,-0.1699,1.3683,-0.1843,-0.05,0.2276,2.567,-1.88,0.0185,0.01035264
2017-11-03,-2.6096,-1.319,-0.7277,0.5793,-0.122,0.8559,0.53,0.2623,2.4112,-1.72,-0.2951,3.038199269
2017-11-10,3.1076,1.807,2.9858,1.8085,1.1173,-0.6305,-0.26,-0.2141,0.6313,0.22,0.8511,1.448160182
2017-11-17,-4.1034,-1.4498,0.2174,0.2683,-1.1029,-0.2891,-0.35,-0.1336,-1.2549,3.57,0.8806,0.401109753
2017-11-24,-0.8152,-0.8598,-0.404,2.2853,1.7671,1.4245,1.3,0.914,0.6878,-0.9,1.4184,1.826735581
2017-12-01,0.3724,-1.0795,-2.5843,-2.6521,0.2147,-2.3376,0.48,1.5293,1.1892,1.2,2.3848,-5.526036555
2017-12-08,-1.8474,-0.8327,0.1311,-1.4941,-0.7218,-1.9032,0.2,0.3512,-0.0348,-0.42,-1.4886,0.638204731
2017-12-15,0.6522,-0.7251,-0.5626,0.7272,-0.2248,0.8926,0.58,0.9168,-1.1304,-0.79,-1.5644,-0.930519888
2017-12-22,0.5972,0.9469,1.8524,2.5301,-0.914,0.4368,0.67,0.2814,1.5498,-0.81,-0.596,1.544275217
2017-12-29,1.1675,0.3066,-0.5856,1.1534,0.5083,1.0021,0.18,-0.3626,-0.6018,2.63,-0.327,-0.07976886
2018-01-05,2.97,2.5574,2.6767,2.993,2.5428,2.2263,2.53,2.601,4.1713,-0.51,1.1484,5.469036682
2018-01-12,-0.078,1.0965,2.084,1.9403,0.8915,0.0382,1.33,1.5708,-0.256,-0.39,-0.3965,-0.745008055
2018-01-19,-0.7594,1.7184,1.4294,2.6816,0.8465,2.4521,1.01,0.8635,0.6521,2.28,-1.1399,1.860512095
2018-01-26,2.8608,2.0146,2.2379,2.7879,0.4726,-0.0336,1.88,2.2265,-0.74,9.75,0.0915,3.488386174
2018-02-02,-5.2014,-2.6994,-2.5122,-1.666,-1.0462,-0.1872,-3.44,-3.8547,-1.5122,-0.54,2.0113,-3.392523766
2018-02-09,-8.0683,-9.5963,-10.0809,-9.4914,-4.3226,-6.7811,-5.56,-5.162,-8.1287,-5.75,-2.9037,-7.474632148
2018-02-16,3.2589,2.2144,3.2887,5.4495,1.9623,0.4757,4.24,4.3011,1.579,6.39,3.5813,4.5904572
2018-02-23,2.3782,2.809,2.6249,0.4877,2.6052,3.5837,0.14,0.5519,0.7943,-0.39,3.5466,1.956069142
2018-03-02,2.647,-1.0488,-1.3418,-2.1867,-1.5289,-0.8929,-2.39,-2.0402,-3.2483,-6.5,-0.4303,-3.602622659
2018-03-09,2.624,1.6174,2.3006,1.3496,0.1831,1.5577,2.85,3.5418,1.3576,2.91,0.4667,3.449041446
2018-03-16,-0.6823,-1.1274,-1.2763,1.6317,0.7623,1.4992,-0.71,-1.2402,0.9656,2.2,-0.2065,2.786326254
2018-03-23,-5.8727,-3.5818,-3.7345,-3.786,-2.5839,-1.8532,-4.57,-5.9502,-4.8839,4.63,-2.7759,-6.174914543
2018-03-30,6.5626,0.5118,-0.1649,-0.7124,0.1923,0.7658,1.49,2.0326,4.0569,-0.78,-0.5852,0.00671895
2018-04-06,-1.9756,-1.1924,-1.1193,-0.8256,0.4239,-0.7765,-0.68,-1.3783,0.5277,2.78,0.1427,-2.489093507
2018-04-13,0.2915,0.8924,0.4224,3.2282,1.7081,1.3294,1.76,1.99,0.9793,2.3,-0.2494,1.625455053
2018-04-20,-2.3608,-2.7701,-2.849,-1.2661,2.0587,-1.6963,0.51,0.521,1.7609,-2.12,0.3393,-0.071281387
2018-04-27,-1.211,0.348,-0.1058,-0.4526,0.1072,-2.0961,-0.18,-0.0086,1.3791,-0.03,3.5416,-0.471007798
2018-05-04,0.6675,0.2856,0.4717,-1.1696,-0.8898,-0.228,-0.32,-0.2431,0.0219,-1.53,3.7814,0.764063487
2018-05-11,1.5404,2.3368,2.6027,3.995,0.6992,3.1304,2.03,2.4142,1.2713,2.42,2.5671,3.187946435
2018-05-18,-0.2716,0.9497,0.7804,-0.2383,-1.1456,-0.2591,-0.52,-0.5407,0.7552,1.66,-1.0496,-0.738394573
2018-05-23,-1.483,-1.6284,-2.2179,-1.4812,-0.4545,1.0291,-0.47,0.3081,-2.0914,-0.87,-1.485,0.433829486
2018-06-01,-4.247,-2.1063,-1.2029,-0.311,-2.4399,0.062,-0.08,0.4884,-1.2447,-1.02,0.1491,-0.213974674
2018-06-08,-0.1393,-0.2598,0.2394,1.5259,0.2585,1.8937,1.35,1.624,2.3596,0.92,2.3652,1.125833994
2018-06-15,-3.2682,-1.4752,-0.6927,-2.0955,-2.3176,-0.618,-0.17,0.0227,0.6929,-3.01,1.6481,-0.246207916
2018-06-22,-7.0355,-4.3728,-3.8506,-3.2029,-2.0654,-1.6973,-0.9,-0.8915,-1.4656,1.04,2.1936,-1.811196337
2018-06-29,-0.6654,-1.4652,-2.7133,-1.3075,-0.5688,-0.5722,-1.21,-1.3253,-0.9429,-0.24,0.1555,-3.247176588
2018-07-06,-4.5273,-3.5186,-4.1544,-2.2086,-2.352,-2.1071,1.17,1.5248,-2.3151,1.16,-0.4349,-0.159364783
2018-07-13,3.8891,3.056,3.7909,0.741,2.1471,2.4129,0.99,1.5034,3.714,0.13,2.3085,1.440481476
2018-07-20,-2.0402,-0.0676,0.0058,-1.0551,1.1496,0.6219,0.21,0.0186,0.4449,-0.3,1.0977,0.578979906
2018-07-27,0.9423,1.5666,0.8112,2.0542,0.8233,1.3142,0.79,0.6064,0.0655,-1.3,0.0151,0.7506433
2018-08-03,-7.0442,-4.6336,-5.8486,-3.9159,-1.782,-0.572,-0.03,0.7638,-0.8258,-0.82,-0.1206,-2.853066928
2018-08-10,2.4941,2.0021,2.7067,2.4942,0.5833,-0.2611,-0.72,-0.2489,-1.0082,-2,1.3738,0.774961314
2018-08-17,-5.032,-4.5199,-5.1512,-4.0654,-2.2936,-2.665,-0.08,0.5947,-0.1242,-1.76,1.7275,-3.554963982
2018-08-24,1.1375,2.2655,2.9637,1.6847,0.1109,1.1074,1.1,0.8617,1.488,2.88,-1.1858,1.855146033
2018-08-31,-0.0046,-0.1532,0.2757,0.783,0.0149,2.3553,0.64,0.9333,1.1653,3.65,0.2074,1.277810834
2018-09-07,-0.5534,-0.8421,-1.7052,-3.2812,-2.4612,-1.9609,-1.74,-1.0284,-2.4408,0.12,-4.8344,-4.058903496
2018-09-14,-2.7391,-0.7644,-1.0847,1.1602,0.8624,0.195,1.36,1.1596,3.5308,4.3,-0.5593,1.803460775
2018-09-21,3.1099,4.3198,5.194,2.4451,1.7796,0.9594,1.54,0.8499,3.3569,-0.34,-0.4687,1.999175791
2018-09-28,-0.7852,0.8531,0.8321,-0.5905,1.2236,0.3092,-0.73,-0.5356,1.0478,-4.21,-0.0785,-0.409175087
2018-10-05,0,0,0,-4.3757,-1.451,-4.4449,-1.49,-0.975,-1.3944,-0.9,-3.9585,-4.391689604
2018-10-12,-11.3031,-7.6005,-7.7973,-2.9018,-4.381,-4.4814,-4.09,-4.1046,-4.579,-8.98,-4.0726,-4.492268745
2018-10-19,-3.7077,-2.1653,-1.1285,-0.9305,-0.217,-1.2597,-0.05,0.0235,-0.7164,6.49,1.3129,-1.33778582
2018-10-26,2.1952,1.897,1.2341,-3.301,-2.9548,-4.3358,-3.9,-3.9414,-5.9803,-5.29,-2.3898,-4.637918915
2018-11-02,5.6648,2.9871,3.6744,7.1557,4.8576,4.3988,2.77,2.4211,4.9992,2.3,2.7759,6.997506502
2018-11-09,-2.1873,-2.8995,-3.7323,-3.3392,-1.2328,-0.773,1.3,2.1281,0.0296,-1.7,2.6338,-2.046223686
2018-11-16,6.7579,3.0874,2.8486,2.2717,0.1829,-0.3349,-1.52,-1.6088,-2.5614,-3.78,0.5394,0.741470311
2018-11-23,-6.1092,-3.7186,-3.5055,-0.9771,-1.0089,-1.3248,-2.79,-3.7902,-0.1559,-1.83,-1.2356,-1.458878631
2018-11-30,-0.0124,0.3374,0.9294,2.2334,2.1333,2.2833,3.36,4.8474,3.2546,-0.4,-0.7572,3.576642193
2018-12-07,1.7916,0.6839,0.2797,-1.6712,-0.2082,-1.2859,-3.73,-4.6044,-3.0083,-4.16,-0.481,-2.258158443
2018-12-14,-1.911,-0.4661,-0.492,0.1191,-1.0938,0.1361,-1.15,-1.2582,-1.4016,3.14,-1.4333,-1.344880288
2018-12-21,-2.4998,-2.9876,-4.3121,-1.3082,-1.0091,-0.9974,-5.54,-7.0513,-5.6545,1.04,-1.3358,-3.297592909
2018-12-28,-0.8742,-0.8884,-0.6187,-0.9677,0.2426,0.5244,1.95,2.8602,-0.7509,0.52,3.4105,1.055275546
2019-01-04,0.8557,0.8409,0.8377,0.4777,0.19,-3.5457,1.78,1.8586,-2.2624,4.16,0.5469,-1.926054037
2019-01-11,4.1598,1.5493,1.9403,4.0632,4.5574,4.0169,2.78,2.5403,4.078,3.22,2.2581,6.097210921
2019-01-18,0.408,1.6514,2.3716,1.5882,0.8032,0.7855,2.23,2.8676,1.5048,3.29,2.9981,2.0185101
2019-01-25,-0.564,0.2203,0.5144,1.7658,-0.6851,1.3578,0.05,-0.2228,0.5201,1.77,1.7684,2.007436058
2019-02-01,-0.0756,0.6345,1.9761,1.3114,-0.4238,-0.3746,1.38,1.5675,0.0714,2.69,-0.9842,1.540729198
2019-02-08,0,0,0,0.0558,0.419,0,-0.44,0.0499,-2.1898,-1.13,4.3796,-15.84344517
2019-02-15,4.2664,2.4502,2.8117,-0.1627,1.1774,1.3342,2.28,2.5008,2.7908,1.92,0.9374,18.68390201
2019-02-22,6.8627,4.5423,5.4336,3.2811,0.9309,2.5648,0.99,0.615,2.5113,-2.52,3.6262,3.668187549
2019-03-01,6.5138,6.7676,6.5224,-0.0143,-1.5138,0.6418,0.45,0.3946,0.827,5.3,-0.1565,0.469583756
2019-03-08,3.1971,-0.8064,-2.4571,-2.0261,-0.7617,-1.419,-2.16,-2.1622,-2.6716,-2.68,-0.8121,-2.204477298
2019-03-15,2.195,1.7472,2.3903,2.7768,0.1349,1.9283,2.81,2.8949,2.0227,4.64,0.7756,2.563853011
2019-03-22,5.0947,2.7268,2.3711,0.3485,0.3725,1.9142,-0.66,-0.7713,0.8228,-3.87,-0.3848,1.009373572
2019-03-29,-1.5826,-0.4314,1.0053,-0.213,0.0243,0.0185,0.62,1.2029,-1.9491,2.02,-0.0715,-0.339670949
2019-04-05,5.9794,5.0413,4.9037,3.0462,3.4162,0.5952,2,2.0583,2.8374,4.1,0.9307,2.505632418
2019-04-12,-2.7524,-1.7848,-1.8122,-0.0887,0.2811,0.9428,0.44,0.5071,0.2892,-1.4,1.83,1.600750188
2019-04-19,1.9315,2.577,3.3092,0.1789,0.4682,1.5104,0.04,-0.0819,1.5089,1.46,-0.2229,0.49715611
2019-04-26,-7.3134,-5.6377,-5.6141,-1.1956,0.2799,-0.1461,0.62,1.1996,0.262,1.82,4.5239,-0.680283616
2019-05-03,-1.9364,-0.2611,0.6154,1.6097,1.0527,1.3132,0.18,0.1959,0,2.65,0.7481,-14.34123565
2019-05-10,-5.391,-4.5196,-4.6703,-5.0905,-3.5018,-3.4544,-2.36,-2.1809,-4.1054,-2.16,-0.0928,13.35718442
2019-05-17,-3.8273,-1.9364,-2.1898,-2.1148,-2.0785,-3.0699,-0.46,-0.759,-0.4443,2,1.0086,-3.779394837
2019-05-24,-1.8943,-1.0166,-1.5032,-2.1202,-1.1097,-0.5376,-1.01,-1.1705,-0.6253,-1.14,0.8672,-3.676842922
2019-05-31,1.5316,1.6019,0.9982,-1.6555,-1.6445,1.648,-2.33,-2.6185,-2.4436,0.39,-1.3286,-0.912274407
2019-06-07,-4.7388,-2.4459,-1.7938,0.2386,1.5566,-0.8505,3.94,4.4069,1.3762,3.26,4.6733,1.139787553
2019-06-14,2.4838,1.9159,2.5304,0.5677,1.7794,1.1093,0.19,0.4747,1.1117,-0.51,2.1566,1.381454054
2019-06-21,5.5833,4.164,4.8992,4.9979,3.0649,2.6519,2.22,2.1988,0.6713,2.19,2.1111,4.464138595
2019-06-28,-1.1403,-0.7696,-0.2178,0.242,0.0063,-0.6751,0.01,-0.2949,0.0813,-0.62,-0.4111,0.059225826
2019-07-05,1.7048,1.0803,1.7674,0.8136,1.3608,0.5116,1.25,1.6538,2.2112,1.72,6.1673,1.36443464
2019-07-12,-3.4221,-2.6739,-2.1697,-1.0537,-0.2813,0.3581,0.32,0.7812,-0.2781,1.07,-0.9605,-0.394115583
2019-07-19,0.3369,-0.2165,-0.0204,1.0318,0.6142,0.4512,-0.82,-1.233,-1.0095,0.43,0.8544,1.596652786
2019-07-26,0.3808,0.6956,1.3292,-1.2781,-0.4204,0.1728,0.96,1.6546,0.8905,-2.34,-0.1717,1.399456112
2019-08-02,-2.5808,-2.6049,-2.8801,-5.2087,-3.0516,-3.1486,-2.97,-3.1003,-2.6364,17.94,2.2936,-4.690593184
2019-08-09,-5.8603,-3.2458,-3.0396,-3.6379,-2.8263,-0.5171,-0.68,-0.457,-1.908,-0.61,-2.657,-2.235780807
2019-08-16,2.8258,1.7685,2.1194,-0.7906,-1.7012,-0.7013,-1.26,-1.0268,-1.286,1.13,-2.3494,0.988251002
2019-08-23,2.7852,2.6064,2.9733,1.7296,-0.1502,1.1249,-0.66,-1.4391,1.4305,0.76,1.0614,-0.151354029
2019-08-30,-0.9438,-0.3862,-0.5569,-1.7365,-0.1231,0.7586,2.1,2.787,-0.0316,0.78,0.7235,1.466548881
2019-09-06,5.6159,3.9278,3.9194,3.7553,1.2219,1.5313,1.89,1.7854,2.3918,6.37,0.8389,2.543608895
2019-09-13,2.5178,1.0546,0.6046,2.48,2.131,0.4351,1.24,0.9628,3.7205,4.45,-6.7779,1.668660493
2019-09-20,-0.6824,-0.8178,-0.9246,-3.3526,-1.6133,0.9433,-0.37,-0.5094,0.4129,-3.69,2.4277,0.122691713
2019-09-27,-4.4966,-2.4707,-2.1089,-1.819,-1.0776,-0.915,-1,-1.012,-0.9067,-0.02,0.1833,-2.394937502
2019-10-04,-1.1352,-0.9201,-0.9896,-0.5154,-1.5123,0.5984,-1,-0.3302,-2.1422,0.66,-1.9024,-0.316660021
2019-10-11,2.6013,2.3567,2.5481,1.8876,1.1568,-0.0415,1.18,0.6186,1.8153,1.42,1.0816,1.595552566
2019-10-18,-1.5502,-1.1943,-1.0826,1.5628,0.0061,2.6654,0.73,0.5363,3.1828,-0.22,1.402,1.272093634
2019-10-25,0.9188,0.5715,0.7085,-0.1953,2.2918,1.0367,1.25,1.2173,1.3655,-5.11,0.8733,0.441548696
2019-11-01,-0.28,0.1105,1.4267,1.6251,1.3781,0.9154,1.32,1.4676,0.2235,4.14,-2.3446,1.451676075
2019-11-08,1.3339,0.2023,0.5218,2.0309,1.0798,1.5791,0.74,0.8533,2.368,-3.15,-1.0096,2.871040353
2019-11-15,-2.7299,-2.4574,-2.4143,-4.79,-0.7793,-0.4658,0.62,0.8852,-0.3786,0.07,-0.1866,-0.398304795
2019-11-22,0.3422,-0.2094,-0.6988,1.0196,-0.4079,0.3575,-0.39,-0.3259,-0.8172,-0.56,0.5358,0.21787609
2019-11-29,-0.1506,-0.4612,-0.5539,-0.9347,-0.9837,-0.6677,0.81,0.9867,0.7832,1.3,1.2766,1.199660305
2019-12-06,2.3005,1.3939,1.9253,0.5765,0.0247,1.045,0.18,0.157,0.2597,0.35,-2.3008,0.913339006
2019-12-13,2.1508,1.9115,1.6871,4.4885,0.6054,2.7399,1.02,0.7276,2.8633,7.15,0.0251,4.570877927
2019-12-20,1.6598,1.2556,1.2356,0.6631,-0.0516,0.2628,1.3,1.6543,-0.8595,3.73,2.1039,1.10216613
2019-12-27,0.1002,0.0033,0.1189,1.2704,0.4402,1.108,0.64,0.5836,0.0886,2.36,-0.233,1.395968952
2020-01-03,4.2708,2.6206,3.0566,0.801,0.3809,0.1558,-0.08,-0.1596,-0.7597,-1.5,-1.9179,0.073555799
2020-01-10,2.4713,0.2758,0.4396,0.6562,0.5289,-0.7083,0.61,0.9429,0.8199,-0.02,2.9957,2.564409153
2020-01-17,1.5566,-0.5431,-0.2001,1.4604,0.7703,0.5459,1.59,1.9682,0.7995,-0.55,2.3975,0.745456044
2020-01-24,-3.3896,-3.2179,-3.6331,-3.8091,-1.2499,0.2351,-0.84,-1.0256,-0.8905,4.6,1.5569,-2.21503169
2020-01-31,0,0,0,-5.857,-2.6633,-5.1458,-2.21,-2.1226,-2.6105,-0.51,0.2575,-3.834011666
2020-02-07,-1.6147,-3.3786,-2.5983,4.1487,0.8799,1.024,2.66,3.1682,2.6839,2.15,-0.2335,4.390887487
2020-02-14,1.7005,1.4271,2.253,1.501,1.2117,1.7471,1.11,1.5762,-0.5892,1.5,-3.7674,1.709853731
2020-02-21,5.9321,4.205,4.0563,-1.822,-1.2112,-1.0947,-1.18,-1.2547,-1.2701,1.85,-1.0942,-2.414149987
2020-02-28,-5.3623,-5.2429,-5.0474,-4.3168,-5.3426,-3.373,-10.89,-11.4907,-9.5942,-11.08,-8.8629,-5.231417547
2020-03-06,6.6127,5.3539,5.037,0.0641,-1.6639,0.2625,0.38,0.6144,-1.8598,1.99,0.0674,-0.222539018
2020-03-13,-5.8683,-4.8471,-5.8764,-8.0842,-11.043,-10.5367,-12.45,-8.7926,-15.9939,-15.8,-4.3402,-8.836257712
2020-03-20,-5.3909,-4.9112,-6.2149,-5.109,-8.4761,-8.834,-12.26,-14.9796,-5.0383,-13.18,1.6486,-5.763803694
2020-03-27,-1.7355,0.9683,1.5558,2.9783,4.8956,5.0338,10.67,10.2628,17.1366,19.52,0.5406,5.577186158
2020-04-03,-0.7519,-0.2964,0.0851,-1.0567,-5.5154,-0.3639,-2.75,-2.0783,-8.0933,2,7.0729,-1.969342506
2020-04-10,2.7422,1.181,1.507,4.58,7.6186,5.1117,10.98,12.1017,9.418,2.02,2.4208,4.976482449
2020-04-17,1.4999,1.4969,1.8654,0.3279,1.6832,4.3261,2.31,3.0375,2.0451,3.85,4.35,4.977190452
2020-04-24,-0.8807,-1.0557,-1.1073,-2.2505,-3.6885,-2.3561,-1.48,-1.3157,-3.1927,-1.61,-1.8193,-2.659341505
2020-05-01,1.9973,1.8356,3.0447,3.4084,4.2122,6.2313,0.86,-0.2126,1.8552,1.5,-2.1107,0.633000979
2020-05-08,2.4475,1.2329,1.3046,-1.6776,-1.2327,-0.8253,2.85,3.5005,2.853,4,3.1716,0.51689143
2020-05-15,-0.2838,-0.9286,-1.2818,-1.7858,-2.6363,-0.7935,-2.59,-2.2561,-0.7018,0.03,0.0972,0.065188795
2020-05-22,-3.4978,-1.9067,-2.2682,-3.6446,-0.9399,-0.0349,3.16,3.2039,1.7502,5.58,2.1,-1.019182656
2020-05-29,1.2073,1.3713,1.1234,0.1366,0.4368,1.2118,3.67,3.0066,7.3068,-3.36,4.8389,2.738068406
2020-06-05,4.3358,2.7503,3.4711,7.8782,9.5888,4.9098,5.53,4.9147,4.5061,3.12,-1.3042,6.358184361
2020-06-12,0.2606,-0.3773,0.0458,-1.8935,-2.4303,-0.4309,-4.51,-4.7784,-2.4416,-2.32,-2.1832,-0.767868973
2020-06-19,3.6918,1.6403,2.3888,1.4094,-1.855,1.0492,2.06,1.8555,0.777,1.95,0.881,1.684384522
2020-06-26,0.2577,0.4015,0.9827,-0.381,-1.1507,0.9594,-2.34,-2.8631,0.1481,1.27,-1.3391,0.823932285
2020-07-03,4.6554,5.815,6.7796,3.3529,1.8595,2.131,3.21,4.0199,-0.9133,2.52,3.3754,3.470275603
2020-07-10,11.3052,7.3112,7.5468,1.3963,-0.0109,1.3815,1.49,1.7581,-0.0702,-0.26,-3.1853,5.635038711
2020-07-17,-4.7702,-5.0008,-4.3852,-2.4808,-1.2881,0.8935,1.52,1.2461,1.8196,0.14,-0.8962,-0.92157089
2020-07-24,-1.1641,-0.5401,-0.8606,-1.5299,-1.4883,1.0055,-0.1,-0.2822,0.2432,1.4,-0.7139,1.345394501
2020-07-31,5.1675,3.5423,4.2049,-0.4452,-1.9263,2.932,0.58,1.7256,-4.5782,3.76,-0.9468,2.280688663
2020-08-07,2.0504,1.3302,0.2743,-0.2591,0.6202,1.2955,2.21,2.4505,2.8556,1.32,0.8711,1.071310741
2020-08-14,-0.701,0.1808,-0.07,2.6553,1.4068,-0.2604,1.2,0.6436,4.2966,0.44,2.4709,-0.0043615
2020-08-21,0.8671,0.6126,0.3021,-0.2747,-2.0447,-1.4663,0.33,0.7208,-1.5847,2.52,3.219,0.9032
2020-08-28,1.2729,0.684,2.6579,1.2273,0.4386,0.9598,2.71,3.263,-0.1643,1.4,0.8505,3.71638938
2020-09-04,-0.7132,-1.4231,-1.5285,-2.8582,-1.1809,-0.7141,-2.33,-2.3104,1.4106,-4.03,-3.4072,-1.951982383
2020-09-11,-4.5304,-2.8319,-2.9964,-0.778,-0.779,0.3007,-1.31,-2.5092,0.8664,2.47,-3.6554,-0.208765568
2020-09-18,3.747,2.3845,2.373,-0.1955,0.306,1.5752,-0.01,-0.6435,-0.1973,0.17,-2.2716,0.99591251
2020-09-25,-4.4886,-3.5551,-3.5268,-4.9886,-1.0181,-4.9917,-1.74,-0.6329,-0.6664,-3.89,4.55,-2.380681737
2020-10-02,-0.6526,-0.0424,0.3802,0.9625,0.9639,2.311,1.53,1.5153,-0.753,6.95,-4.8959,2.003768936
2020-10-09,4.1526,1.6788,2.0436,2.8138,1.4763,2.9689,3.61,3.8433,2.561,-2.6,2.3129,4.192803285
2020-10-16,1.0621,1.9646,2.3613,1.1097,0.0024,-1.0617,-0.31,0.1921,-0.8851,-1.51,0.9601,0.942317363
2020-10-23,-2.831,-1.7492,-1.5274,2.1815,0.1725,1.1643,-0.39,-0.5287,0.4526,-3.57,-2.1067,0.760778663
2020-10-30,-1.7706,-1.631,-0.4907,-3.256,-4.4751,-2.7327,-5.66,-5.6395,-2.294,-2.64,-2.0782,-1.425326434
2020-11-06,4.212,2.7175,4.0547,6.66,6.3882,3.4049,7.72,7.3236,5.8671,8.59,2.4237,3.513297401
2020-11-13,0.0671,-0.062,-0.5908,1.7263,5.1464,2.3109,2.4,2.1573,4.3602,-4.85,0.3556,-1.929445516
2020-11-20,2.6891,2.0429,1.7797,1.1266,3.7479,3.3383,0.42,-0.7701,0.5574,-2.39,-2.2602,2.201119607
2020-11-27,-1.255,0.9054,0.7581,1.6753,1.5219,1.0983,2.42,2.2715,4.377,-2.4,-3.45,1.604782983
2020-12-04,2.4816,1.0643,1.7096,-0.2185,-0.5578,1.9135,1.47,1.6703,0.3998,10.02,0.5179,0.362450722
2020-12-11,-4.0487,-2.8274,-3.4799,-1.2299,-0.6405,0.9146,-0.67,-0.964,-0.369,-2.82,-3.542,0.965593707
2020-12-18,1.3341,1.4252,2.2566,-0.0274,0.9668,-0.0822,1.69,1.2543,0.416,7,-0.9748,-0.515462124
2020-12-25,0.0514,0.0491,0.8409,-0.4228,-0.2436,0.5717,-0.26,-0.1712,-0.399,-0.29,-0.8495,-3.107108816
2021-01-01,1.2103,2.2525,3.3573,3.2008,0.0623,2.7988,1.16,1.4315,2.9545,2.39,-2.0808,3.144589018
2021-01-08,4.1003,2.794,5.4524,2.3763,5.2528,4.9647,2.35,1.8266,2.5319,1.39,1.0417,4.944568927
2021-01-15,-2.1658,-0.1045,-0.6796,2.4953,0.3902,0.9858,-1.4,-1.4754,1.351,-0.61,-2.6254,3.336425774
2021-01-22,3.4005,1.132,2.0464,3.0587,-0.4439,2.5783,1.5,1.9431,0.3937,0.57,1.087,4.664415779
2021-01-29,-4.2558,-3.4291,-3.9106,-3.9532,-2.9754,-5.498,-3.41,-3.312,-3.3811,-4.63,0.2514,-4.605680148
2021-02-05,-1.8696,0.3808,2.4561,3.5532,0.1581,4.3868,4.2,4.6467,4.0335,9.04,-0.1254,5.90101551
2021-02-12,5.1649,4.5406,5.9143,3.0213,0.6319,0,1.64,1.2349,2.5744,4.54,-1.7852,-21.90838238
2021-02-19,2.3085,1.1239,-0.4972,1.5615,-1.5327,3.4107,-0.44,-0.7146,1.6865,0.42,-1.8319,30.13715619
2021-02-26,-5.098,-5.0617,-7.65,-5.4317,2.3745,-2.3718,-2.83,-2.446,-3.5043,-1.65,-2.2132,-6.984758613
2021-03-05,0.4813,-0.2022,-1.386,0.4075,2.1977,-0.6178,0.06,0.8079,-0.3511,-16.09,1.7751,0.110405459
2021-03-12,-3.0607,-1.3966,-2.2121,-1.2323,2.6999,2.5225,2.88,2.6393,2.957,-5.85,0.4651,-0.029098166
2021-03-19,-0.4673,-1.4021,-2.7065,0.8741,1.2703,-1.1377,-0.39,-0.7669,0.2497,-5.44,2.4884,-0.857596014
2021-03-26,0.1616,0.4013,0.6171,-2.2576,0.7468,1.4663,0.67,1.5701,-2.0655,-2.1,0.8187,-1.849956598
2021-04-02,0.0576,0.69,0.2059,0.1479,0.5751,0.7681,-0.19,-0.4023,0.0072,-2.42,-0.5181,2.218211622
